{"cameraMode":{"drawMode":0,"name":"Shaded","section":"Shading Mode"},"sceneLighting":true,"audioPlay":false,"sceneViewState":{"m_AlwaysRefresh":false,"showFog":true,"showSkybox":true,"showFlares":true,"showImageEffects":true,"showParticleSystems":true,"showVisualEffectGraphs":true,"m_FxEnabled":true},"in2DMode":false,"pivot":{"x":0.003187894821166992,"y":0.8401781320571899,"z":0.026838093996047975},"rotation":{"x":0.07486928254365921,"y":0.5427589416503906,"z":-0.04865830019116402,"w":0.8351583480834961},"size":1.0966804027557374,"orthographic":false}